"","pa","bclim1","bclim10","bclim11","bclim12","bclim13","bclim14","bclim15","bclim16","bclim17","bclim18","bclim19","bclim2","bclim3","bclim4","bclim5","bclim6","bclim7","bclim8","bclim9"
"361",0,13.7051668167114,23.2446670532227,4.97600030899048,258,45,4,67.4699096679688,123,20,23,123,15.632999420166,44.0564765930176,754.94580078125,33.423999786377,-2.05999994277954,35.484001159668,6.12533330917358,20.6100006103516
"37",1,14.6485004425049,21.7060012817383,8.48666667938232,407,74,1,87.1549911499023,215,6,13,206,17.875,54.0030212402344,539.911071777344,33.7400016784668,0.639999985694885,33.1000022888184,9.18733310699463,20.9993343353271
"276",0,21.0558338165283,30.974666595459,11.6193332672119,235,39,3,52.2211570739746,91,14,71,70,15.9936666488647,43.8615226745605,797.069885253906,39.976001739502,3.51200008392334,36.4640007019043,30.5246658325195,24.4160003662109
"231",0,15.1501665115356,18.7106666564941,11.6620006561279,475,100,0,98.1555404663086,285,2,9,269,14.6430006027222,64.9414596557617,291.110473632812,26.4200000762939,3.87199997901917,22.5480003356934,12.0846672058105,18.195333480835
"66",1,16.9476661682129,26.6720008850098,7.98799991607666,164,32,1,80.5339965820312,87,6,7,85,15.8880004882812,43.0896072387695,769.753540039062,36.5960006713867,-0.275999993085861,36.8720016479492,9.56799983978271,24.0913333892822
"219",0,13.3114995956421,25.8546657562256,1.25999999046326,170,22,6,33.4824829101562,62,29,47,32,15.5203332901001,36.2049407958984,995.129150390625,36.3479995727539,-6.51999998092651,42.8680000305176,20.1886672973633,18.0459995269775
"318",0,19.4466667175293,30.1306667327881,9.47333335876465,97,17,2,53.4119453430176,45,10,15,43,16.6393337249756,41.9464912414551,847.268676757812,40.7399978637695,1.07200002670288,39.6679992675781,11.3513336181641,23.03733253479
"280",0,10.0236663818359,20.2446670532227,0.115999937057495,294,43,8,39.588249206543,108,35,87,69,16.2399997711182,42.2564544677734,814.900634765625,30.6919994354248,-7.73999977111816,38.431999206543,19.5513324737549,13.6226663589478
"242",0,17.2646656036377,27.3339996337891,8.08599948883057,143,21,3,46.2704200744629,57,16,31,57,15.3679990768433,42.0810508728027,795.214111328125,37.3639984130859,0.843999981880188,36.5199966430664,9.28533363342285,19.9506664276123
"38",1,17.5973339080811,26.203332901001,10.0746669769287,331,59,2,74.0720901489258,168,18,36,161,17.3246669769287,50.1060485839844,665.338684082031,36.6959991455078,2.11999988555908,34.576000213623,10.8199996948242,23.0166664123535
"130",1,17.1916675567627,26.818000793457,8.40866661071777,143,26,1,74.8033065795898,74,6,11,71,15.8266668319702,43.6862831115723,759.821960449219,36.8600006103516,0.632000029087067,36.2280006408691,9.80266666412354,24.2719993591309
"3",1,14.6485004425049,21.7060012817383,8.48666667938232,407,74,1,87.1549911499023,215,6,13,206,17.875,54.0030212402344,539.911071777344,33.7400016784668,0.639999985694885,33.1000022888184,9.18733310699463,20.9993343353271
"146",1,18.1778335571289,28.6333332061768,8.41266632080078,168,27,2,48.1579895019531,59,15,55,58,15.7049999237061,41.8755340576172,838.031799316406,38.423999786377,0.920000016689301,37.5040016174316,9.7053337097168,20.8233337402344
"266",0,20.5358333587646,30.5513343811035,11.0626668930054,248,39,3,50.3799438476562,90,14,90,76,16.4270000457764,44.5031433105469,810.526550292969,39.9799995422363,3.06800007820129,36.9119987487793,30.5513343811035,23.2953338623047
"18",1,9.62283325195312,17.6166667938232,3.19199991226196,613,110,3,81.7152557373047,305,19,28,305,12.7343330383301,44.3025779724121,599.330810546875,26.4200000762939,-2.32400012016296,28.7439994812012,3.19199991226196,16.9833335876465
"212",0,7.92133331298828,17.923999786377,-0.721999943256378,199,22,11,19.0111255645752,60,41,50,59,15.8179998397827,43.0257873535156,770.638061523438,28.5639991760254,-8.19999980926514,36.7639999389648,0.410000085830688,10.1979999542236
"333",0,15.7153329849243,24.8339996337891,7.19000005722046,162,31,1,78.1086578369141,83,7,8,83,18.0693340301514,47.1734886169434,726.793029785156,36.3040008544922,-2,38.3040008544922,7.19000005722046,22.4166660308838
"90",1,15.9028329849243,25.1399993896484,7.30466651916504,259,46,2,72.5751953125,131,15,15,125,17.3716659545898,46.7583618164062,737.337280273438,36.4039993286133,-0.748000025749207,37.1520004272461,8.67266654968262,22.550666809082
"218",0,15.835000038147,26.3313331604004,6.14066696166992,181,22,5,28.8552875518799,56,30,44,48,17.0186672210693,43.5170974731445,835.384033203125,37.3320007324219,-1.77600002288818,39.1080017089844,7.3459997177124,18.4600009918213
"125",1,12.7609996795654,21.0893325805664,5.88000011444092,360,66,1,90.3225784301758,194,6,9,184,14.3140001296997,46.1920738220215,632.023010253906,30.6280002593994,-0.360000014305115,30.988000869751,6.77600002288818,20.6359996795654
"163",1,16.496166229248,26.013334274292,7.67999982833862,135,27,1,79.0021438598633,69,5,7,69,17.2963333129883,45.1742935180664,754.948608398438,36.7960014343262,-1.49199998378754,38.2880020141602,7.67999982833862,23.474666595459
"201",0,16.068000793457,23.8306674957275,7.96866655349731,262,47,0,82.7985382080078,137,3,3,129,15.1626672744751,46.2332801818848,651.512939453125,34.2680015563965,1.47200000286102,32.7960014343262,9.82600021362305,23.8306674957275
"179",1,13.5023336410522,23.923999786377,4.10066699981689,140,24,5,51.8603782653809,64,20,20,64,18.7679996490479,45.8830451965332,811.932067871094,35.6399993896484,-5.26399993896484,40.9039993286133,4.10066699981689,23.923999786377
"91",1,12.3948335647583,21.058666229248,4.85933351516724,439,80,2,81.5728988647461,223,15,22,223,14.0869998931885,44.2153167724609,673.121337890625,30.5599994659424,-1.29999995231628,31.8599987030029,4.85933351516724,20.8166656494141
"225",0,16.7473335266113,21.3419990539551,12.8873329162598,316,63,1,91.7268905639648,183,6,13,170,12.0746660232544,55.7566795349121,347.254455566406,27.7080001831055,6.05200004577637,21.6560001373291,13.1293334960938,20.507999420166
"64",1,15.6931667327881,25.0026664733887,7.07466697692871,320,56,2,73.1439056396484,161,18,20,157,17.3523330688477,46.716381072998,739.986633300781,36.1840019226074,-0.959999978542328,37.1440010070801,8.46466636657715,22.4099998474121
"188",0,13.9338331222534,19.6253337860107,9.47733306884766,530,104,0,93.8895034790039,299,4,12,287,15.1303329467773,56.591609954834,423.843536376953,29.3159999847412,2.57999992370605,26.7360000610352,9.63000011444092,18.9086666107178
"237",0,6.64966678619385,16.4393329620361,-2.54666662216187,438,56,15,33.4712295532227,137,61,120,117,15.0413331985474,41.3723564147949,775.8251953125,26.6879997253418,-9.66800022125244,36.3559989929199,16.1053333282471,9.48666667938232
"295",0,22.4658336639404,31.9179992675781,13.3446664810181,148,25,1,56.6989669799805,61,6,42,44,16.6163330078125,46.269588470459,768.517822265625,40.7799987792969,4.86800003051758,35.9119987487793,31.7819995880127,25.4479999542236
"47",1,12.4631662368774,22.2526664733887,3.80666637420654,255,33,7,34.8726234436035,81,34,77,78,15.389666557312,43.0648803710938,768.846862792969,32.4000015258789,-3.33599996566772,35.7360000610352,4.60333299636841,14.5060005187988
"275",0,21.5936660766602,30.5919990539551,13.0679998397827,199,37,2,60.2589111328125,87,9,64,56,16.3773326873779,47.1588745117188,725.018493652344,39.6479988098145,4.92000007629395,34.7279968261719,30.4580001831055,24.2193336486816
"69",1,19.6821670532227,30.984001159668,8.97666645050049,183,24,4,41.2499694824219,67,19,43,58,15.617000579834,39.6773376464844,905.494506835938,41.1160011291504,1.75600004196167,39.3600006103516,10.6300001144409,23.0566673278809
"243",0,11.298999786377,20.8559989929199,2.13399982452393,297,64,9,67.774299621582,152,32,127,50,18.1173324584961,47.6972732543945,764.258361816406,30.9400005340576,-7.04400014877319,37.984001159668,20.3113327026367,14.6680002212524
"101",1,19.1901664733887,29.2653331756592,9.88799953460693,180,30,2,49.1403388977051,63,16,50,57,14.8909997940063,41.965389251709,803.541809082031,38.4480018615723,2.96399998664856,35.484001159668,10.9993333816528,21.8479995727539
"181",1,18.4939994812012,28.5879993438721,9.24866676330566,199,33,2,48.8304328918457,70,16,55,64,13.1046667098999,38.5885353088379,801.260192871094,36.9679985046387,3.00799989700317,33.9599990844727,28.4153327941895,21.2180004119873
"67",1,13.6604995727539,22.8866653442383,5.31666660308838,333,55,8,46.0041007995605,127,36,106,88,15.3223333358765,44.917724609375,727.165222167969,32.3839988708496,-1.72800004482269,34.1119995117188,22.753999710083,15.8879995346069
"206",0,11.7611665725708,21.1040000915527,3.07266664505005,348,58,8,48.2627487182617,139,37,116,86,17.1956672668457,47.256420135498,739.772827148438,31.568000793457,-4.82000017166138,36.3880004882812,20.8793334960938,14.3459997177124
"347",0,18.482666015625,28.1106662750244,9.69733333587646,193,27,1,48.8132934570312,74,15,42,74,15.7360000610352,44.0438842773438,762.584777832031,38.2200012207031,2.49200010299683,35.7280006408691,9.69733333587646,21.1159992218018
"315",0,10.8396663665771,20.7826671600342,1.39600002765656,352,50,11,37.6494827270508,125,46,106,86,17.8726673126221,45.5192222595215,793.545104980469,32.1399993896484,-7.12400007247925,39.2639999389648,20.6046657562256,13.5953330993652
"346",0,6.47316646575928,16.2900009155273,-1.95733332633972,323,36,17,19.1662845611572,94,69,83,78,14.3383331298828,40.5863151550293,761.077514648438,26.6000003814697,-8.72799968719482,35.3279991149902,0.601333320140839,8.48600006103516
"313",0,9.17650032043457,19.5559997558594,-0.175333335995674,248,29,10,25.4576187133789,74,45,66,66,16.0896663665771,41.8609275817871,810.041870117188,30.6119995117188,-7.82399988174438,38.4360008239746,0.95799994468689,12.0706663131714
"118",1,15.7348337173462,25.8853340148926,6.36600017547607,223,34,4,46.4682540893555,78,21,63,70,13.4530000686646,38.9355163574219,803.608703613281,34.7760009765625,0.224000006914139,34.552001953125,7.60199975967407,18.5380001068115
"106",1,15.5,23.9619998931885,8.03999996185303,401,73,1,86.0010833740234,207,5,14,206,18.6613330841064,51.363353729248,658.171569824219,36.4599990844727,0.128000006079674,36.3320007324219,8.94066619873047,23.5493335723877
"265",0,15.8331670761108,25.8379993438721,6.62133312225342,282,47,6,46.2603225708008,104,28,85,80,16.2236671447754,44.1196212768555,791.559204101562,35.6800003051758,-1.09200000762939,36.7719993591309,25.5446662902832,18.6566677093506
"140",1,13.6750001907349,22.9373340606689,5.57200002670288,565,111,2,91.0747528076172,309,12,25,308,13.4913339614868,42.1498794555664,721.690246582031,31.9120006561279,-0.096000000834465,32.007999420166,6.39133358001709,22.7933330535889
"5",1,21.3783340454102,30.3886680603027,12.6666669845581,123,20,1,55.2029228210449,52,5,50,37,14.4980001449585,43.9014015197754,733.222106933594,38.4480018615723,5.42399978637695,33.0240020751953,27.5413341522217,23.9500007629395
"131",1,17.2584991455078,28.0820007324219,7.16000032424927,144,20,3,40.5714950561523,50,16,38,46,15.1583337783813,39.8400268554688,855.019592285156,37.8800010681152,-0.167999997735023,38.0480003356934,8.86933326721191,20.6900005340576
"148",1,17.2534999847412,27.9440002441406,7.18933343887329,109,17,2,45.0435638427734,44,12,25,41,17.3610000610352,42.5598182678223,847.780700683594,38.6879997253418,-2.10400009155273,40.7919998168945,9.27799987792969,20.982666015625
"260",0,10.0509996414185,21.0093326568604,-0.580666720867157,271,37,7,36.8976974487305,97,33,77,66,15.7306671142578,40.2277679443359,874.794921875,30.9680004119873,-8.13600063323975,39.1040000915527,20.3606662750244,13.8493328094482
"258",0,23.2433338165283,32.7946662902832,14.2313327789307,90,16,0,56.6441192626953,34,3,22,33,15.6026668548584,44.5383262634277,767.475952148438,42.0120010375977,6.98000001907349,35.0320014953613,29.5139999389648,26.0599994659424
"344",0,10.4923334121704,20.503999710083,1.06666648387909,371,53,10,39.2119331359863,132,44,109,92,18.6293334960938,47.1485443115234,791.299438476562,32.007999420166,-7.50400018692017,39.5120010375977,20.0033340454102,13.6499996185303
"199",0,19.0939998626709,27.9513339996338,10.6693334579468,373,79,5,73.1753768920898,192,23,161,84,16.8813343048096,48.5430564880371,714.726806640625,36.976001739502,2.20000004768372,34.7760009765625,27.423999786377,22.2373332977295
"50",1,17.8031673431396,27.5533332824707,8.85200023651123,125,24,1,72.9462356567383,63,6,10,63,15.8976669311523,43.2471885681152,770.922241210938,37.6560020446777,0.89599996805191,36.7600021362305,10.3579998016357,25.0166664123535
"272",0,13.3608331680298,24.0313339233398,3.07599997520447,253,40,7,44.5968589782715,104,28,81,56,17.3423328399658,43.5299530029297,850.658020019531,34.4200019836426,-5.42000007629395,39.8400039672852,23.4193344116211,16.9893341064453
"98",1,13.7603330612183,22.3393325805664,6.69933319091797,519,103,2,92.0149002075195,288,10,20,282,12.8920001983643,43.826488494873,647.878784179688,30.6560001373291,1.24000000953674,29.4160003662109,7.18466663360596,21.8526668548584
"330",0,10.1433334350586,18.763334274292,3.37266683578491,811,156,4,84.1412506103516,422,16,31,413,13.2159996032715,43.6344413757324,640.816284179688,27.8920001983643,-2.39599990844727,30.2880001068115,3.55466651916504,18.0540008544922
"342",0,11.6310005187988,20.771333694458,3.21133327484131,539,89,14,49.684154510498,221,50,185,133,17.7259998321533,48.9074058532715,722.738586425781,30.9680004119873,-5.27600002288818,36.2439994812012,20.3213329315186,14.4726667404175
"169",1,19.0108337402344,28.8546676635742,9.99400043487549,177,29,2,47.7535362243652,61,16,60,57,15.3803329467773,43.1256523132324,785.182739257812,38.2960014343262,2.63199996948242,35.6640014648438,11.0133333206177,21.4033336639404
"298",0,17.1844997406006,26.8040008544922,8.18266677856445,464,69,8,46.0647506713867,165,35,131,135,16.6690006256104,45.940357208252,766.495361328125,36.3400001525879,0.0560000017285347,36.2840003967285,26.3066673278809,20.3113327026367
"236",0,14.8395004272461,22.7573337554932,7.8986668586731,647,130,2,90.2070541381836,340,9,16,340,14.0036668777466,46.2778167724609,607.396057128906,32.4799995422363,2.22000002861023,30.2600002288818,7.8986668586731,22.0113334655762
"144",1,16.8196659088135,27.6219997406006,6.72599983215332,119,16,4,30.8690872192383,37,18,32,33,16.9046669006348,42.3675880432129,853.795288085938,38.3079986572266,-1.59200000762939,39.8999977111816,26.9919986724854,20.5259990692139
"217",0,14.3471670150757,23.982666015625,5.73066663742065,545,80,10,44.2041664123535,200,53,200,149,15.5463333129883,43.965877532959,760.807922363281,33.7159996032715,-1.64399993419647,35.3600006103516,23.982666015625,16.3853321075439
"39",1,17.3201675415039,27.3080005645752,8.10666656494141,87,17,1,67.6116333007812,42,4,8,41,16.2896671295166,42.759521484375,788.162536621094,37.8199996948242,-0.275999993085861,38.0960006713867,8.59200000762939,24.736665725708
"204",0,22.2098331451416,31.2006664276123,14.0780000686646,129,24,2,67.7093124389648,65,7,19,65,17.4810009002686,48.791446685791,705.006774902344,41.476001739502,5.64800024032593,35.8280029296875,15.0906667709351,28.0806674957275
"238",0,11.5860004425049,20.9726676940918,3.09733319282532,291,48,5,62.0273704528809,133,25,32,133,15.2273330688477,44.014720916748,741.5,31.1280002593994,-3.46799993515015,34.5960006713867,4.00066661834717,18.191333770752
"325",0,14.3140001296997,21.8533325195312,7.83133316040039,482,94,1,90.4694671630859,265,5,14,256,18.1313323974609,52.9351081848145,583.568481445312,33.939998626709,-0.312000006437302,34.2519989013672,8.54133319854736,21.660665512085
"135",1,16.287166595459,25.4020004272461,7.79466676712036,172,30,1,67.1646041870117,85,11,13,80,17.9990005493164,47.5509872436523,727.639038085938,36.8520011901855,-1,37.8520011901855,9.24666690826416,22.8446674346924
"76",1,14.9945001602173,23.957332611084,7.03666639328003,364,72,3,84.7708587646484,192,13,13,192,15.5183334350586,45.0590400695801,706.428344726562,34.2799987792969,-0.159999996423721,34.439998626709,8.10999965667725,23.957332611084
"22",1,9.92749977111816,19.779333114624,1.12666654586792,323,60,9,68.0418472290039,160,27,27,160,16.7603340148926,44.8857345581055,770.546142578125,30.7280006408691,-6.61199998855591,37.3400001525879,1.12666654586792,19.779333114624
"75",1,16.4705009460449,25.8626670837402,7.74133348464966,152,30,1,79.4429244995117,79,6,7,79,17.4689998626709,45.9178848266602,746.476623535156,36.9160003662109,-1.12800002098083,38.0439987182617,7.74133348464966,23.3400001525879
"51",1,15.2915000915527,24.4580001831055,7.13399982452393,225,39,2,77.3066329956055,114,11,18,111,14.356333732605,43.2315483093262,718.510986328125,33.6520004272461,0.444000005722046,33.2080001831055,8.09000015258789,21.4333324432373
"322",0,14.9055004119873,22.742000579834,8.37600040435791,387,77,1,93.1503601074219,217,6,10,213,13.3263330459595,46.1182632446289,594.026611328125,31.3400001525879,2.44400000572205,28.8959999084473,8.84933376312256,22.2466659545898
"317",0,12.8228330612183,23.2240009307861,2.89400005340576,283,47,8,48.0826110839844,120,30,95,60,18.0936660766602,45.2522659301758,829.06396484375,33.9360008239746,-6.0479998588562,39.984001159668,22.8246669769287,16.0706672668457
"93",1,15.0208330154419,25.2386665344238,5.8033332824707,212,34,5,44.2548065185547,69,24,69,65,14.3403329849243,40.6472015380859,800.765625,34.3199996948242,-0.959999978542328,35.2799987792969,6.78133344650269,17.050666809082
"323",0,7.44549989700317,17.0313339233398,-1.44466662406921,492,69,11,42.0560035705566,174,52,141,134,17.836332321167,46.5554733276367,751.98095703125,28.3199996948242,-9.99199962615967,38.3120002746582,16.4313335418701,10.4566669464111
"249",0,14.7908334732056,25.0713329315186,5.19400024414062,157,28,4,58.1963729858398,73,17,22,71,15.9569997787476,41.9567718505859,815.79736328125,35.6520004272461,-2.37999987602234,38.0320014953613,6.8600001335144,17.9659996032715
"352",0,20.5965003967285,29.6046657562256,12.0393333435059,261,51,3,63.2868499755859,119,12,93,69,16.548999786377,47.2019386291504,723.672729492188,38.8240013122559,3.76399993896484,35.060001373291,29.3353328704834,23.3413333892822
"17",1,12.3078336715698,21.3940010070801,4.17733335494995,371,65,4,79.0430297851562,187,18,26,187,14.8616666793823,44.3473014831543,715.247131347656,31.2239990234375,-2.28800010681152,33.5120010375977,4.17733335494995,18.4506664276123
"54",1,19.2708339691162,30.3886661529541,8.91066646575928,117,15,3,38.2774810791016,42,14,30,38,14.5403327941895,38.1515884399414,876.413024902344,39.6679992675781,1.55599999427795,38.1119995117188,10.8179998397827,23.1986675262451
"58",1,19.6231670379639,29.8913326263428,9.92199993133545,111,18,1,52.8051452636719,46,7,26,46,17.371000289917,44.1067428588867,824.017822265625,40.6479988098145,1.26399993896484,39.3839988708496,9.92199993133545,22.7866668701172
"185",0,17.8926658630371,28.9726676940918,7.5886664390564,153,20,4,34.4103507995605,51,20,37,44,14.9526672363281,39.1472053527832,875.9169921875,38.8240013122559,0.628000020980835,38.1960029602051,9.25599956512451,21.4160003662109
"343",0,23.367000579834,33.7526664733887,13.3999996185303,101,17,1,56.0940361022949,38,5,24,38,15.7379999160767,41.8341293334961,837.633728027344,42.8800010681152,5.25999975204468,37.620002746582,13.3999996185303,26.9173336029053
"21",1,15.1741666793823,25.4386672973633,5.98066663742065,290,38,7,36.1739540100098,98,38,85,85,15.6816663742065,42.6549530029297,805.770568847656,35.6240005493164,-1.13999998569489,36.7639999389648,6.92600011825562,17.3273334503174
"255",0,20.1749992370605,30.1800003051758,10.7320003509521,273,43,3,50.1139488220215,98,17,72,84,17.8866672515869,46.5410804748535,810.390380859375,40.523998260498,2.09200000762939,38.431999206543,30.1673336029053,23.0233345031738
"198",0,15.3214998245239,24.4360008239746,7.08333349227905,217,38,2,78.2511672973633,110,10,18,109,14.2196664810181,43.0533676147461,721.953857421875,33.5200004577637,0.492000013589859,33.0279998779297,8.09933376312256,21.6420001983643
"4",1,12.2031669616699,22.1520004272461,3.31599998474121,178,30,6,52.6927871704102,81,25,25,81,17.3083324432373,45.3335075378418,777.390563964844,33.1479988098145,-5.03200006484985,38.1800003051758,3.31599998474121,22.1520004272461
"124",1,10.2248334884644,18.699333190918,2.86066675186157,566,108,3,83.359733581543,293,18,27,293,13.6370000839233,43.5853996276855,653.271118164062,28,-3.28800010681152,31.2880001068115,2.86066675186157,18.3059997558594
"137",1,17.1003341674805,27.9286670684814,6.91933345794678,153,19,4,29.1115627288818,48,25,37,41,17.3673324584961,43.155086517334,862.876037597656,38.992000579834,-1.25199997425079,40.2439994812012,8.47799968719482,20.2479991912842
"111",1,15.3221664428711,23.6466655731201,7.82733345031738,397,73,1,82.2321243286133,206,8,8,189,17.1856670379639,48.8562278747559,663.886962890625,35.0919990539551,-0.0839999988675117,35.1759986877441,8.75266647338867,23.6466655731201
"41",1,11.9433336257935,22.6586666107178,1.95000004768372,260,28,9,23.5210552215576,77,47,63,68,17.5233345031738,43.0929908752441,850.878112792969,34.1920013427734,-6.47200012207031,40.6640014648438,3.30733346939087,14.6773328781128
"108",1,13.6006669998169,22.7040004730225,5.53399991989136,331,53,7,45.0127792358398,120,34,99,93,13.5853338241577,42.3271865844727,711.034606933594,31.3080005645752,-0.787999987602234,32.0960006713867,22.4986667633057,15.7666664123535
"232",0,13.4796667098999,16.7113342285156,10.8020000457764,619,131,1,98.1111145019531,369,5,14,350,12.4826669692993,65.2176971435547,249.455917358398,23.6760005950928,4.53600025177002,19.1399993896484,10.9253339767456,16.0559997558594
"174",1,15.7104997634888,25.1386661529541,7.14933347702026,252,47,2,80.5223388671875,130,11,13,130,16.4416675567627,45.4591522216797,745.575622558594,35.7280006408691,-0.439999997615814,36.1679992675781,8.37466621398926,22.576000213623
"160",1,15.1386661529541,24.3533325195312,6.86133337020874,268,48,3,76.8899154663086,136,14,16,135,14.9759998321533,43.5906372070312,726.869140625,34.2480010986328,-0.108000002801418,34.3560028076172,8.01599979400635,21.7040004730225
"355",0,20.7458324432373,30.4686660766602,11.8766670227051,138,23,1,51.3384475708008,50,8,37,47,15.6116666793823,44.235710144043,769.264770507812,39.9599990844727,4.66799974441528,35.2919998168945,30.2626667022705,23.4373340606689
"113",1,16.0768337249756,25.3333339691162,7.46000003814697,163,31,1,79.6168899536133,84,6,8,84,18.0496673583984,46.8481788635254,736.276672363281,36.7480010986328,-1.77999997138977,38.5279998779297,7.46000003814697,22.8680000305176
"250",0,23.0008335113525,32.8419990539551,13.5413331985474,150,24,1,52.7105407714844,59,7,40,45,16.7603340148926,45.4603805541992,797.836059570312,41.8479995727539,4.98000001907349,36.8680000305176,32.5913314819336,26.2273330688477
"173",1,16.4349994659424,24.4099998474121,9.70266628265381,364,79,1,95.447639465332,215,6,11,204,14.5120000839233,47.5616111755371,608.03173828125,33.5320014953613,3.01999998092651,30.5120010375977,10.2413330078125,23.9733333587646
"203",0,11.6658334732056,22.9386672973633,0.76666647195816,236,34,7,36.1114845275879,85,33,68,50,17.8509998321533,42.2049369812012,897.586059570312,33.931999206543,-8.36400032043457,42.2959976196289,22.2519989013672,15.5900001525879
"205",0,14.6626663208008,22.1053333282471,8.09000015258789,453,87,0,92.6822052001953,255,4,11,241,18.2693328857422,53.0591697692871,583.165405273438,34.0120010375977,-0.420000016689301,34.431999206543,8.89400005340576,22.0013332366943
"229",0,22.7236671447754,32.1160011291504,13.5046663284302,82,14,1,50.7242088317871,31,4,21,28,17.0593338012695,46.5339164733887,765.640625,41.5999984741211,4.94000005722046,36.6599998474121,28.707332611084,25.9206676483154
"211",0,16.7053337097168,27.2706661224365,6.84800004959106,107,16,3,39.7493591308594,41,14,26,39,17.6393337249756,43.6185302734375,837.248718261719,38.6520004272461,-1.78799998760223,40.439998626709,8.66733360290527,20.291332244873
"197",0,22.2121658325195,31.7379989624023,13.1859998703003,71,11,0,55.6403121948242,28,3,22,28,16.6783332824707,45.3906288146973,765.492492675781,41.2760009765625,4.53200006484985,36.7439994812012,13.1859998703003,24.8460006713867
"227",0,11.4631662368774,22.9386672973633,0.34266671538353,246,31,7,33.2751007080078,84,32,64,61,15.0243330001831,37.4596939086914,917.753234863281,32.8639984130859,-7.24399995803833,40.1079978942871,18.4433326721191,15.2126665115356
"320",0,22.2898330688477,31.8613319396973,13.1766662597656,71,11,0,54.6061248779297,29,3,21,29,16.7749996185303,45.3476448059082,771.016296386719,41.5039978027344,4.51200008392334,36.9919967651367,13.1766662597656,24.9699993133545
"120",1,11.1138334274292,21.1786670684814,2.21399998664856,218,35,9,51.7851142883301,98,31,32,98,18.8010005950928,47.1392021179199,780.351623535156,33.1080017089844,-6.77600002288818,39.8840026855469,2.21399998664856,17.3526668548584
"117",1,13.3988332748413,21.7040004730225,6.50666666030884,343,63,1,84.1986694335938,175,7,12,164,12.9490003585815,43.9246940612793,631.5751953125,30.2320003509521,0.752000033855438,29.4799995422363,7.05866670608521,21.2700004577637
"224",0,12.1526670455933,22.9173336029053,2.05200004577637,247,27,9,22.9933891296387,72,46,60,63,18.1319999694824,43.7844123840332,855.756103515625,34.7239990234375,-6.68800020217896,41.4119987487793,3.50399994850159,14.970666885376
"89",1,16.4969997406006,25.6773338317871,8.06066703796387,214,43,1,85.7913436889648,117,7,7,113,15.7486667633057,44.3724403381348,729.522033691406,35.6360015869141,0.144000008702278,35.492000579834,9.4640007019043,23.042667388916
"20",1,16.3611660003662,26.3999996185303,7.36266660690308,269,41,3,47.7784881591797,97,27,81,92,12.9396667480469,38.6628036499023,789.451293945312,34.6800003051758,1.21200001239777,33.4679985046387,8.12333297729492,18.3893337249756
"9",1,14.6265001296997,24.6146659851074,5.35733318328857,284,49,7,46.9715003967285,108,30,90,77,15.6996669769287,43.1594085693359,792.602355957031,34.3520011901855,-2.0239999294281,36.3759994506836,24.4246673583984,17.3293323516846
"282",0,13.6365003585815,23.6746673583984,4.45666646957397,272,34,7,32.145679473877,90,39,63,78,15.5483331680298,42.5329170227051,795.363952636719,34.0400009155273,-2.51600003242493,36.5559997558594,5.53133344650269,16.0973339080811
"33",1,16.0103340148926,26.6186676025391,6.18733310699463,161,22,4,37.3488655090332,53,20,43,50,14.92799949646,39.9486198425293,836.4580078125,36.3600006103516,-1.00800001621246,37.3680000305176,7.72733306884766,19.1606674194336
"46",1,15.441499710083,25.3913326263428,6.63733339309692,287,43,4,46.3464469909668,102,30,86,98,12.5303335189819,38.2208824157715,777.893127441406,33.523998260498,0.740000009536743,32.7839965820312,7.32466697692871,17.3400001525879
"285",0,10.0515003204346,20.1573333740234,1.19000005722046,255,29,10,23.0865879058838,75,48,66,66,17.0109996795654,44.2718086242676,787.866760253906,31.6399993896484,-6.78399991989136,38.423999786377,19.9126663208008,12.4860000610352
"284",0,16.9526672363281,24.7686672210693,8.78133392333984,179,34,0,80.0314178466797,93,2,8,91,16.1713333129883,48.0431747436523,661.713928222656,35.2760009765625,1.61600005626678,33.6599998474121,10.510666847229,24.7686653137207
"162",1,15.8858337402344,24.8846664428711,7.5906662940979,237,46,1,85.1285095214844,127,8,8,125,15.8443336486816,44.9000625610352,716.093566894531,35.1199989318848,-0.167999997735023,35.2879981994629,8.96399974822998,22.2573337554932
"32",1,13.989333152771,22.953332901001,5.78333330154419,514,96,2,86.1655578613281,275,13,27,267,16.156665802002,46.3579330444336,711.632568359375,33.431999206543,-1.41999995708466,34.8519973754883,6.90399980545044,22.9213333129883
"341",0,8.19983291625977,16.6926670074463,1.45866668224335,689,126,7,77.8616485595703,344,26,38,342,14.8929996490479,46.5173645019531,632.841186523438,26.7240009307861,-5.29199981689453,32.015998840332,1.76866674423218,16.2040004730225
"139",1,13.3773336410522,24.3513336181641,3.33266663551331,155,19,5,33.6280632019043,51,24,42,48,19.2999992370605,44.9925422668457,861.661315917969,36.6759986877441,-6.21999979019165,42.8959999084473,5.0426664352417,16.8766670227051
"189",0,11.7690000534058,23.5139999389648,0.324000030755997,249,29,7,30.379322052002,83,34,60,63,15.6186666488647,37.938850402832,940.105163574219,33.7639999389648,-7.4040002822876,41.1679992675781,18.8026676177979,15.768666267395
"88",1,15.6418333053589,24.3426666259766,7.56066656112671,243,44,1,76.9896011352539,127,12,21,120,17.2203330993652,47.7493705749512,694.937622070312,35.4599990844727,-0.60400003194809,36.0639991760254,8.82600021362305,21.7626667022705
"178",1,15.6113338470459,24.8326663970947,7.39266681671143,316,64,2,90.6057357788086,177,8,14,173,14.6486673355103,43.6752128601074,723.664367675781,34.1840019226074,0.643999993801117,33.5400009155273,8.44733333587646,24.6933326721191
"53",1,16.1644992828369,25.3839988708496,7.60733318328857,192,37,1,82.9239196777344,101,7,7,101,17.2883338928223,46.2007827758789,733.547973632812,36.3320007324219,-1.08800005912781,37.4200019836426,7.60733318328857,22.8413333892822
"73",1,15.6975002288818,24.716667175293,7.3013334274292,188,35,1,80.5932540893555,97,7,8,97,17.7910003662109,47.2110176086426,718.213806152344,36.0559997558594,-1.62800002098083,37.6839981079102,7.3013334274292,22.2773323059082
"119",1,17.4833335876465,28.2119998931885,7.41533327102661,153,24,3,45.3784484863281,53,15,43,50,14.4753332138062,38.8703918457031,854.097595214844,37.5639991760254,0.324000000953674,37.2399978637695,9.04666709899902,20.6580009460449
"104",1,12.8228330612183,21.6399993896484,5.64266633987427,696,136,2,91.6252365112305,383,13,28,375,12.2403335571289,42.1035118103027,664.434997558594,29.5240001678467,0.451999992132187,29.07200050354,5.96000003814697,21.1019992828369
"61",1,19.9273338317871,30.5773334503174,10.0159997940063,164,24,2,50.5510597229004,64,13,42,54,13.3593330383301,37.6828765869141,842.671142578125,39.3479995727539,3.89599990844727,35.4519996643066,11.5633335113525,23.3213329315186
"56",1,11.018500328064,20.9886665344238,2.41066670417786,215,27,7,32.7783012390137,73,34,54,68,16.0990009307861,43.7805938720703,774.172180175781,31.8080005645752,-4.96400022506714,36.7719993591309,3.30933332443237,13.3559999465942
"207",0,20.3871669769287,30.017333984375,11.4253330230713,357,46,5,46.347297668457,121,25,80,119,16.4983329772949,45.6208724975586,772.642944335938,39.5960006713867,3.43199992179871,36.1640014648438,12.5993328094482,23.1606674194336
"301",0,17.3129997253418,25.8839988708496,9.13466644287109,233,44,1,82.3158798217773,122,3,11,122,17.1673336029053,48.0877685546875,695.813171386719,37.492000579834,1.79199993610382,35.7000007629395,9.13466644287109,25.8819999694824
"35",1,11.4691667556763,19.6259994506836,4.94266653060913,446,79,2,87.4199676513672,234,10,14,221,13.4729995727539,45.5230445861816,613.486877441406,28.8159999847412,-0.779999971389771,29.5960006713867,5.94199991226196,19.1166667938232
"281",0,10.8909997940063,20.3379993438721,2.63800001144409,389,55,11,39.2767524719238,136,49,136,101,14.4820003509521,43.1217231750488,725.712585449219,29.6359996795654,-3.94799995422363,33.5839996337891,20.3379993438721,12.441333770752
"1",1,14.9945001602173,23.957332611084,7.03666639328003,364,72,3,84.7708587646484,192,13,13,192,15.5183334350586,45.0590400695801,706.428344726562,34.2799987792969,-0.159999996423721,34.439998626709,8.10999965667725,23.957332611084
"309",0,12.4626665115356,22.8746662139893,2.48533320426941,265,49,9,56.0735397338867,123,30,98,48,18.3353328704834,45.9255905151367,830.057678222656,33.3640022277832,-6.55999994277954,39.9240036010742,22.2220001220703,16.2159996032715
"339",0,5.84783315658569,14.8426666259766,-2.19600009918213,575,79,12,42.6278266906738,203,62,164,156,17.4156665802002,47.8242149353027,703.402648925781,25.8600006103516,-10.5559997558594,36.4160003662109,14.5873336791992,8.09133338928223
"102",1,15.9834995269775,25.5353336334229,7.13133335113525,122,22,1,71.7265472412109,60,6,8,59,17.2116661071777,45.1987037658691,757.265197753906,36.6479988098145,-1.432000041008,38.0799980163574,7.72533321380615,23.0206661224365
"270",0,11.1015005111694,22.2066669464111,0.854666650295258,135,16,5,26.5377464294434,42,23,37,29,16.3689994812012,40.3973350524902,869.453918457031,33.2200012207031,-7.30000019073486,40.5200004577637,21.5086669921875,5.19199991226196
"290",0,16.8159999847412,26.974666595459,7.46666669845581,145,23,2,57.1469917297363,66,12,19,64,17.0979995727539,44.2403221130371,802.135559082031,37.8759994506836,-0.772000014781952,38.6479988098145,8.99066638946533,24.2700004577637
"336",0,10.3991670608521,21.2453327178955,0.118666805326939,265,37,7,37.2873687744141,95,32,76,64,14.3109998703003,38.4002380371094,859.491638183594,30.6679992675781,-6.59999990463257,37.2679977416992,20.5846672058105,14.0659999847412
"326",0,-0.910833358764648,8.02133369445801,-7.50200033187866,731,116,18,60.0228576660156,315,69,86,309,12.690333366394,41.9431953430176,642.815734863281,16.6040000915527,-13.6520004272461,30.2560005187988,-7.12800025939941,2.97866678237915
"202",0,11.0868330001831,19.7620010375977,3.6986665725708,482,86,3,80.7641830444336,243,18,27,243,13.7403335571289,43.9325141906738,667.326477050781,29.1280002593994,-2.14800000190735,31.2760009765625,3.6986665725708,19.4213333129883
"220",0,10.5063333511353,21.283332824707,0.642666637897491,169,20,8,25.1994495391846,52,32,45,46,16.4873332977295,41.5172576904297,843.540710449219,32.431999206543,-7.28000020980835,39.7119979858398,2.35933327674866,13.7726669311523
"97",1,19.2959995269775,29.466667175293,9.77533340454102,85,14,1,54.9363288879395,40,7,15,36,17.763334274292,44.6090774536133,810.297607421875,40.4199981689453,0.600000023841858,39.8199996948242,11.539999961853,22.4340000152588
"134",1,16.6483325958252,25.9899997711182,8.02400016784668,197,39,1,86.1577453613281,108,6,6,105,16.0799999237061,44.268253326416,741.970275878906,36.0519981384277,-0.272000014781952,36.3239974975586,9.55200004577637,23.4179992675781
"241",0,14.3466663360596,24.8913345336914,4.65666675567627,182,24,5,32.2851181030273,56,27,49,53,17.0106658935547,43.2533226013184,831.555297851562,35.9599990844727,-3.36800003051758,39.3279991149902,24.5653343200684,17.3166675567627
"296",0,13.6721668243408,19.0706672668457,8.77799987792969,551,110,1,93.5295562744141,307,5,14,300,14.3070001602173,54.5568962097168,422.302459716797,28.1679992675781,1.94400000572205,26.2239990234375,9.5493335723877,18.6306667327881
"65",1,19.070333480835,27.9759998321533,11.2653331756592,252,46,2,73.3188781738281,128,14,28,125,16.8759994506836,48.4608306884766,686.037536621094,38.3320007324219,3.50799989700317,34.8240013122559,12.1253337860107,24.5493335723877
"40",1,16.1410007476807,24.7059993743896,8.56599998474121,312,64,2,90.2394561767578,176,8,14,170,15.6773328781128,47.0451736450195,669.021606445312,34.6399993896484,1.31599998474121,33.3239974975586,9.51733303070068,24.5399990081787
"354",0,17.6266670227051,27.449333190918,8.1366662979126,280,50,6,62.4562492370605,132,20,107,70,19.173999786377,48.8982963562012,791.324035644531,37.5480003356934,-1.66400003433228,39.2120018005371,26.8546676635742,21.2800006866455
"48",1,14.3468332290649,22.0613327026367,7.68599987030029,467,88,1,89.6196365356445,254,5,13,243,17.7129993438721,51.7802848815918,600.627563476562,34.0200004577637,-0.18800000846386,34.2080001831055,8.41066646575928,21.957332611084
"115",1,13.8000001907349,23.025333404541,5.47466659545898,287,51,3,75.1313552856445,143,16,19,141,15.260666847229,44.5697021484375,730.629699707031,32.9360008239746,-1.30400002002716,34.2400016784668,6.41599988937378,20.2546672821045
"214",0,11.6520004272461,21.5793342590332,2.68133330345154,274,34,8,32.4923515319824,87,41,71,79,15.4826669692993,42.5675430297852,780.636962890625,31.9839992523193,-4.38800001144409,36.371997833252,3.69533348083496,14.0473337173462
"208",0,14.8950004577637,21.57200050354,8.80533313751221,465,88,2,87.6023864746094,239,7,13,237,16.0553340911865,53.0088920593262,523.546875,31.9400005340576,1.65199995040894,30.2880001068115,9.48000049591064,20.9046669006348
"2",1,13.8366670608521,22.1879997253418,6.82933330535889,368,65,1,87.413948059082,186,6,10,180,14.2819995880127,46.0234603881836,641.360046386719,31.6240005493164,0.592000007629395,31.0320014953613,7.34866666793823,21.8606662750244
"187",0,12.4058332443237,22.1240005493164,3.29866671562195,393,60,11,41.6183395385742,152,47,125,95,17.5556659698486,46.5470008850098,772.752136230469,32.8919982910156,-4.82399988174438,37.7159996032715,21.8193321228027,15.2426662445068
"171",1,14.3616666793823,24.533332824707,5.30800008773804,258,40,5,45.4235572814941,88,27,80,83,14.5233325958252,41.2970123291016,794.639404296875,33.8839988708496,-1.28400003910065,35.1679992675781,6.16866683959961,16.3433322906494
"310",0,16.9033336639404,27.461332321167,6.94133329391479,149,20,3,40.8807029724121,53,17,38,50,17.1946659088135,43.4911651611328,841.443298339844,38.1800003051758,-1.35599994659424,39.5359992980957,8.58866691589355,20.0413341522217
"268",0,12.9466667175293,23.9346675872803,2.29600024223328,187,30,5,42.752513885498,75,24,58,38,16.2019996643066,40.8028602600098,877.250915527344,34.0880012512207,-5.61999988555908,39.7080001831055,23.1813335418701,16.9366664886475
"289",0,16.4699993133545,24.3406677246094,8.56933307647705,494,96,2,86.6761245727539,263,8,8,249,15.4713335037231,46.7186050415039,655.229553222656,35.4080009460449,2.29200005531311,33.1160011291504,10.1520004272461,24.3406677246094
"331",0,11.916166305542,21.4206657409668,3.39266681671143,554,84,11,45.4524917602539,208,56,171,147,14.5249996185303,42.3271942138672,748.581909179688,30.7719993591309,-3.54399991035461,34.3159980773926,21.2513332366943,14.216667175293
"31",1,20.1893329620361,30.6053333282471,10.5673332214355,172,25,2,47.5467948913574,64,15,44,55,12.941333770752,37.6420402526855,823.963195800781,39.0279998779297,4.64800024032593,34.3800010681152,11.9513339996338,23.3186664581299
"319",0,12.4045000076294,22.7940006256104,2.40133333206177,273,51,9,57.0614242553711,128,30,102,51,17.8350009918213,45.372444152832,829.842895507812,32.992000579834,-6.31599998474121,39.3079986572266,22.1259994506836,16.203332901001
"244",0,15.7681665420532,24.8206672668457,7.21333360671997,398,75,8,66.5530700683594,193,28,160,98,18.3776664733887,50.4382133483887,723.789489746094,34.4959983825684,-1.93999993801117,36.4359970092773,24.2726669311523,18.9479999542236
"252",0,10.1458330154419,20.4806671142578,0.939999997615814,204,25,8,30.0579319000244,67,33,53,63,15.9916667938232,42.3373565673828,803.706848144531,31.3999996185303,-6.37200021743774,37.7719993591309,2.17866659164429,12.9779996871948
"358",0,20.7280006408691,29.525333404541,12.9280004501343,155,30,2,70.5016555786133,79,8,19,79,16.6926670074463,48.3453063964844,682.013000488281,39.507999420166,4.98000001907349,34.5279998779297,13.8946666717529,26.292667388916
"222",0,11.5994997024536,23.0866661071777,0.890666663646698,224,32,7,35.8454627990723,81,31,65,48,13.614333152771,35.819652557373,903.176574707031,32.6040000915527,-5.40399980545044,38.007999420166,22.2700004577637,15.5666666030884
"167",1,15.9219999313354,24.9026660919189,7.66733360290527,245,48,1,86.3832321166992,132,8,14,131,15.561333656311,44.7216148376465,714.936584472656,34.976001739502,0.180000007152557,34.7960014343262,8.98200035095215,22.2180004119873
"114",1,13.7113332748413,22.4133338928223,6.01800012588501,429,80,3,81.8313369750977,220,16,24,220,15.2600002288818,46.0971488952637,682.81396484375,32.3759994506836,-0.727999985218048,33.1040000915527,6.01800012588501,22.2686672210693
"294",0,19.5148334503174,30.0913333892822,9.5406665802002,100,14,1,47.770320892334,40,9,24,35,16.9656658172607,42.8555793762207,846.398986816406,40.4440002441406,0.856000006198883,39.5880012512207,11.2080001831055,22.5366668701172
"312",0,22.7996673583984,34.3853340148926,11.6886672973633,67,11,2,46.9115791320801,31,8,10,28,16.2140007019043,39.0887184143066,927.448547363281,44.3839988708496,2.90400004386902,41.4799995422363,14.1293334960938,27.1620006561279
"8",1,17.279333114624,27.9060001373291,7.47066640853882,142,19,4,36.6743354797363,48,18,38,43,15.0840005874634,40.2368774414062,836.290222167969,37.6759986877441,0.187999993562698,37.4879989624023,9.04333305358887,20.6146659851074
"78",1,15.7104997634888,25.1386661529541,7.14933347702026,252,47,2,80.5223388671875,130,11,13,130,16.4416675567627,45.4591522216797,745.575622558594,35.7280006408691,-0.439999997615814,36.1679992675781,8.37466621398926,22.576000213623
"95",1,15.7036666870117,24.7386665344238,7.30999994277954,228,43,1,83.9372024536133,120,8,8,120,17.0613327026367,46.4228706359863,719.649230957031,35.7599983215332,-0.991999983787537,36.7519989013672,7.30999994277954,22.220666885376
"254",0,7.2868332862854,17.0493335723877,-1.51733326911926,259,40,12,44.7791442871094,108,42,44,108,20.1496658325195,49.459171295166,761.215515136719,29.7360000610352,-11.003999710083,40.7399978637695,-1.51733326911926,9.48733329772949
"82",1,6.79733324050903,16.0500011444092,-0.967333495616913,284,47,11,51.2315940856934,125,38,46,125,16.2086658477783,46.5552215576172,708.322692871094,26.4120006561279,-8.4040002822876,34.8160018920898,-0.967333495616913,12.8146667480469
"68",1,14.7036666870117,23.1306667327881,7.35933303833008,495,93,1,86.8535308837891,256,6,16,255,18.7953338623047,51.7207870483398,655.611145019531,35.7159996032715,-0.624000012874603,36.3400001525879,8.23533344268799,22.8626670837402
"335",0,15.5543336868286,24.1133346557617,7.99399995803833,324,66,1,84.8167266845703,176,7,12,152,14.6680002212524,45.1823539733887,672.911560058594,33.560001373291,1.09599995613098,32.4640007019043,8.8953332901001,23.9986667633057
"26",1,13.7845001220703,23.9546661376953,4.59133338928223,218,29,6,34.0192909240723,68,31,58,65,15.6449995040894,42.3754081726074,798.9697265625,34.2879981994629,-2.63199996948242,36.9199981689453,5.73533344268799,16.3640003204346
"15",1,19.9898338317871,30.3346652984619,10.4359998703003,259,40,3,47.2581481933594,90,19,68,82,15.5789995193481,42.5376777648926,824.18115234375,39.6040000915527,2.98000001907349,36.6240005493164,30.0966663360596,22.9879989624023
"183",0,19.591833114624,29.8866653442383,9.88933372497559,105,18,1,53.2265396118164,45,7,22,45,17.7623329162598,44.530517578125,824.02490234375,40.8479995727539,0.959999978542328,39.8880004882812,9.88933372497559,22.8113327026367
"87",1,13.7248334884644,22.75,5.92866659164429,290,50,2,78.247673034668,144,13,19,138,14.5050001144409,44.292781829834,696.700073242188,32.3439979553223,-0.404000014066696,32.7479972839355,6.66599988937378,22.4266662597656
"267",0,22.9946670532227,34.8906669616699,11.5,65,12,2,49.4871673583984,31,8,9,27,17.6613330841064,40.1832313537598,955.166015625,45.492000579834,1.53999996185303,43.9519996643066,14.2239999771118,27.7353324890137
"175",1,19.1043338775635,30.4360008239746,8.47066688537598,121,18,2,43.6043090820312,47,13,29,42,14.0566673278809,36.7937049865723,895.111938476562,39.5359992980957,1.33200001716614,38.2039985656738,10.5133333206177,23.0973339080811
"351",0,16.7696666717529,26.9033336639404,7.46066665649414,167,27,2,56.8456497192383,75,14,22,75,17.1240005493164,44.5056648254395,801.262145996094,37.8680000305176,-0.607999980449677,38.476001739502,7.46066665649414,24.1366672515869
"263",0,16.7159996032715,22.6733341217041,11.9439992904663,433,92,0,100.428802490234,254,3,8,248,14.5220003128052,54.3650779724121,441.125030517578,31.8640003204346,5.15199995040894,26.7119998931885,12.1799993515015,21.8199996948242
"143",1,19.806999206543,31.1253337860107,9.26000022888184,118,16,2,42.7258415222168,45,13,29,39,14.4466667175293,37.500431060791,891.916870117188,40.3880004882812,1.8639999628067,38.5240020751953,11.2620000839233,23.8593330383301
"16",1,18.3201675415039,24.724666595459,12.7566661834717,335,71,2,94.4939804077148,204,8,15,185,15.5916662216187,53.2429542541504,489.175628662109,34.2919998168945,5.00799989700317,29.2840003967285,13.4046669006348,24.2159996032715
"288",0,10.8656663894653,21.3899993896484,1.12133324146271,311,35,10,23.8917694091797,94,56,71,82,16.4606666564941,42.254508972168,831.369689941406,32.3520011901855,-6.60400009155273,38.9560012817383,2.53399991989136,13.7419996261597
"259",0,10.4879999160767,21.4126663208008,0.396666765213013,169,21,9,24.8802871704102,53,33,48,43,17.6606674194336,42.5558242797852,856.824462890625,33.1800003051758,-8.31999969482422,41.5,20.7919998168945,4.95666694641113
"141",1,16.4643325805664,26.4080009460449,7.46866655349731,171,31,1,75.189208984375,89,8,13,85,15.3340005874634,42.5330085754395,782.225708007812,36.4440002441406,0.392000019550323,36.052001953125,8.72866630554199,23.7473335266113
"83",1,15.6966667175293,24.4379997253418,7.57133340835571,223,40,1,76.5944519042969,115,11,11,111,17.2859992980957,47.7566604614258,698.850830078125,35.5719985961914,-0.624000012874603,36.1959991455078,8.83133316040039,21.8999996185303
"29",1,15.9511671066284,26.5166664123535,6.14599990844727,254,33,6,36.0816802978516,88,32,58,77,16.0623340606689,42.0259895324707,840.2021484375,37.0040016174316,-1.21599996089935,38.2200012207031,7.47933340072632,18.7880001068115
"60",1,9.83366680145264,19.5113334655762,1.02999997138977,262,44,7,58.3958206176758,120,28,30,120,14.1253337860107,40.7210922241211,763.592834472656,29.1440010070801,-5.54400014877319,34.6879997253418,1.02999997138977,16.6700000762939
"192",0,16.1140003204346,23.6473331451416,8.05466651916504,276,52,1,84.667350769043,148,4,4,140,15.315333366394,46.7615242004395,641.418518066406,34.1479988098145,1.39600002765656,32.7519989013672,10.0033330917358,23.6473331451416
"57",1,15.6160001754761,25.980001449585,6.10533332824707,170,23,4,37.0676498413086,56,22,45,52,15.3299999237061,41.2895927429199,815.777648925781,35.984001159668,-1.14400005340576,37.128002166748,7.46799993515015,18.5473327636719
"138",1,15.9219999313354,24.9026660919189,7.66733360290527,245,48,1,86.3832321166992,132,8,14,131,15.561333656311,44.7216148376465,714.936584472656,34.976001739502,0.180000007152557,34.7960014343262,8.98200035095215,22.2180004119873
"105",1,13.2976665496826,23.304666519165,4.32999992370605,235,31,6,35.4875640869141,75,32,62,70,15.6386671066284,42.8315811157227,785.3203125,33.6800003051758,-2.83200001716614,36.5120010375977,5.34533309936523,15.6733331680298
"194",0,11.5319995880127,21.4979991912842,2.73266673088074,182,25,7,33.4492378234863,65,29,43,62,15.4206666946411,42.4531059265137,777.369689941406,31.9119987487793,-4.41200017929077,36.3239974975586,3.86400008201599,14.0513334274292
"271",0,20.8999996185303,31.1280002593994,11.3053331375122,109,18,1,51.0016021728516,41,6,31,37,16.1246662139893,42.6713943481445,815.088989257812,41.1160011291504,3.32800006866455,37.7880020141602,30.7173347473145,24.2606658935547
"121",1,13.9499998092651,22.3393325805664,7.010666847229,494,98,2,91.9931030273438,275,10,20,269,13.3640003204346,45.0269546508789,633.499694824219,30.8880004882812,1.20799994468689,29.6800003051758,7.53800010681152,21.8613338470459
"332",0,17.1388339996338,25.1626663208008,8.80399990081787,178,34,0,81.854606628418,96,2,7,92,15.7983341217041,47.4253540039062,674.424987792969,35.3600006103516,2.0479998588562,33.3120002746582,10.550666809082,25.0726661682129
"43",1,16.0358333587646,25.1093330383301,7.87333345413208,305,62,2,86.5704498291016,165,10,10,165,15.8949995040894,45.1511154174805,717.650817871094,35.560001373291,0.356000006198883,35.2040023803711,7.87333345413208,22.507999420166
"170",1,13.8555002212524,23.6053333282471,5.3386664390564,303,45,5,44.6078224182129,106,34,92,97,13.914999961853,41.5273971557617,757.860229492188,32.5559997558594,-0.952000021934509,33.507999420166,5.95133304595947,15.5933332443237
"12",1,16.5993328094482,26.4593334197998,7.47866630554199,157,29,2,70.8416595458984,79,9,15,76,15.8706665039062,42.8705215454102,781.968017578125,36.7599983215332,-0.259999990463257,37.0199966430664,9.05666637420654,23.923999786377
"257",0,7.5915002822876,18.3226661682129,-2.78066658973694,395,44,14,27.2398071289062,126,60,99,101,14.1876668930054,37.4542427062988,857.370422363281,28.1119995117188,-9.76799964904785,37.879997253418,13.9733333587646,11.3579998016357
"248",0,21.4456672668457,30.2906665802002,13.1793327331543,64,10,0,53.1552886962891,26,3,20,23,16.015998840332,47.8546676635742,697.537048339844,38.8199996948242,5.35200023651123,33.4679985046387,27.8139991760254,23.3206672668457
"340",0,2.34916663169861,11.1693334579468,-4.1026668548584,768,132,16,69.6444549560547,355,50,62,345,14.2143335342407,44.0781860351562,635.539978027344,20.8759994506836,-11.3719997406006,32.2480010986328,-4.02733325958252,10.0526666641235
"190",0,16.3348331451416,25.8793334960938,7.39933347702026,523,76,8,47.441032409668,183,36,146,160,14.4783334732056,42.3194580078125,762.17431640625,34.4360008239746,0.224000006914139,34.2120018005371,25.4393329620361,19.3686656951904
"157",1,7.76166677474976,16.9653339385986,-0.54666668176651,521,92,7,74.8399810791016,256,31,44,256,14.9926662445068,43.879264831543,722.940124511719,27.2600002288818,-6.90799999237061,34.1679992675781,-0.54666668176651,16.703332901001
"147",1,17.4738330841064,27.5153331756592,8.22333335876465,117,18,1,55.9722900390625,53,9,16,51,17.2563323974609,44.5301780700684,793.670349121094,38.5519981384277,-0.200000002980232,38.7519989013672,9.80599975585938,24.8426666259766
"172",1,9.92749977111816,19.779333114624,1.12666654586792,323,60,9,68.0418472290039,160,27,27,160,16.7603340148926,44.8857345581055,770.546142578125,30.7280006408691,-6.61199998855591,37.3400001525879,1.12666654586792,19.779333114624
"247",0,10.5428333282471,20.0186672210693,1.52733337879181,458,76,11,51.3281364440918,196,43,158,108,17.3583335876465,46.1118202209473,763.165161132812,30.6159992218018,-7.02799987792969,37.6439971923828,19.982666015625,13.050666809082
"24",1,17.0406665802002,27.6639995574951,7.22666645050049,233,35,5,45.106616973877,81,22,64,71,14.1406660079956,39.2273254394531,839.591247558594,36.6199989318848,0.572000026702881,36.0480003356934,8.63799953460693,20.1013336181641
"305",0,10.7430000305176,21.7959995269775,0.222666665911674,243,34,7,35.5073776245117,85,32,68,56,15.5753335952759,39.7735786437988,877.643615722656,32.2159996032715,-6.94400024414062,39.1599998474121,21.1340007781982,14.5480003356934
"126",1,17.1376667022705,27.0686664581299,8.18000030517578,234,37,2,48.3126106262207,83,22,73,80,13.7019996643066,40.3094825744629,785.053466796875,35.7639999389648,1.77199995517731,33.992000579834,9.03933334350586,19.3286666870117
"25",1,16.7600002288818,26.3973331451416,7.95266675949097,171,32,1,77.8959121704102,90,8,9,86,15.1700000762939,42.4501914978027,762.519165039062,35.9519996643066,0.216000005602837,35.7360000610352,9.32800006866455,23.708667755127
"223",0,8.69766712188721,18.5486660003662,-0.635999858379364,456,63,11,39.9479675292969,159,52,130,121,18.4220008850098,46.875316619873,778.593566894531,30.0440006256104,-9.25599956512451,39.2999992370605,17.8766670227051,12.0240001678467
"168",1,15.6339998245239,26.0499992370605,6.1486668586731,211,34,4,45.6871223449707,71,22,69,66,15.018666267395,41.2827568054199,821.744750976562,35.5999984741211,-0.779999971389771,36.379997253418,7.27666664123535,17.9300003051758
"256",0,7.85916662216187,18.7086658477783,-2.65199995040894,386,42,13,27.2976226806641,123,59,94,100,14.3803329467773,37.5308837890625,866.489379882812,28.5919990539551,-9.72399997711182,38.3159980773926,14.2840003967285,11.706000328064
"176",1,16.9183330535889,21.8393325805664,12.9366664886475,332,64,1,89.880859375,188,6,13,175,12.5600004196167,55.3499069213867,368.743743896484,28.8559989929199,6.16400003433228,22.6919994354248,13.0279998779297,20.8293323516846
"112",1,15.8993330001831,26.4846668243408,6.36600017547607,262,36,7,34.5268173217773,94,36,53,79,16.7940006256104,43.1944465637207,831.713745117188,37.4119987487793,-1.46799993515015,38.879997253418,7.65733337402344,18.792667388916
"161",1,15.316499710083,23.788667678833,7.65333318710327,304,59,1,80.4153060913086,157,8,13,138,14.4476661682129,44.5475654602051,673.3935546875,33.3400001525879,0.907999992370605,32.431999206543,8.71399974822998,23.7586669921875
"103",1,18.2516670227051,28.6966667175293,8.30066680908203,76,15,1,66.6353530883789,40,5,10,40,17.5246658325195,43.2836074829102,835.610900878906,39.6959991455078,-0.791999995708466,40.4879989624023,8.30066680908203,21.8826675415039
"303",0,15.7441673278809,24.1313343048096,8.34333324432373,406,69,2,69.4932403564453,195,25,50,194,16.9743328094482,50.1368522644043,657.204528808594,34.6560020446777,0.800000011920929,33.8560028076172,8.95399951934814,21.2980003356934
"28",1,18.6860008239746,29.9500007629395,8.09066677093506,127,18,2,43.9368629455566,48,13,32,42,14.0180006027222,36.8506851196289,891.16796875,39.0839996337891,1.0440000295639,38.0400009155273,10.0953330993652,22.6046676635742
"74",1,14.8336668014526,27.2373332977295,2.85066652297974,143,20,5,35.3176574707031,54,23,39,28,14.4773330688477,35.0540771484375,984.793518066406,37.1759986877441,-4.12400007247925,41.2999992370605,21.6426658630371,19.5233325958252
"30",1,15.4513330459595,24.7779998779297,6.83799982070923,345,61,2,74.9309844970703,174,19,20,172,17.0093326568604,46.2411193847656,740.803588867188,35.8079986572266,-0.976000010967255,36.7840003967285,8.20666694641113,22.1866664886475
"362",0,8.45633316040039,19.6326675415039,-1.9853333234787,358,41,14,25.6058788299561,115,58,93,87,13.0433330535889,34.7414588928223,880.22998046875,28.992000579834,-8.55200004577637,37.5439987182617,18.953332901001,12.1366662979126
"300",0,12.1344995498657,23.0313320159912,1.9799998998642,172,21,6,28.9443054199219,53,30,46,48,19.5256652832031,45.4000816345215,860.196105957031,35.5519981384277,-7.45599985122681,43.007999420166,3.78933334350586,15.7366666793823
"153",1,16.0901660919189,24.8386669158936,7.94199991226196,172,30,1,71.0259170532227,87,10,11,82,17.3309993743896,47.5499305725098,699.310791015625,35.9480018615723,-0.5,36.4480018615723,9.30399990081787,22.343334197998
"216",0,21.4481658935547,31.4526672363281,11.793999671936,253,40,2,50.8835182189941,91,15,71,77,17.0769996643066,45.301887512207,812.658142089844,41.2280006408691,3.53200006484985,37.6959991455078,31.1760005950928,24.7066669464111
"142",1,17.8031673431396,27.5533332824707,8.85200023651123,125,24,1,72.9462356567383,63,6,10,63,15.8976669311523,43.2471885681152,770.922241210938,37.6560020446777,0.89599996805191,36.7600021362305,10.3579998016357,25.0166664123535
"107",1,16.8843326568604,26.7746658325195,7.68666696548462,112,21,1,74.3145751953125,54,4,6,53,17.0306663513184,43.7896423339844,783.621643066406,37.7039985656738,-1.18799996376038,38.8919982910156,9.54333305358887,24.2273330688477
"357",0,16.015832901001,23.75,7.90733337402344,239,44,0,82.9941482543945,126,3,3,119,15.2849998474121,46.3912811279297,649.683349609375,34.2480010986328,1.29999995231628,32.9480018615723,9.7993335723877,23.75
"200",0,17.279333114624,27.9060001373291,7.47066640853882,142,19,4,36.6743354797363,48,18,38,43,15.0840005874634,40.2368774414062,836.290222167969,37.6759986877441,0.187999993562698,37.4879989624023,9.04333305358887,20.6146659851074
"324",0,11.4095001220703,21.4773330688477,2.12533330917358,289,54,7,69.9553070068359,145,22,22,145,17.1223335266113,44.4458885192871,792.52978515625,32.6119995117188,-5.91200017929077,38.523998260498,2.12533330917358,21.4773330688477
"327",0,18.609167098999,27.6633338928223,9.92466640472412,455,72,7,52.9617156982422,183,29,146,129,15.2590007781982,45.6309814453125,734.648376464844,35.8680000305176,2.42799997329712,33.439998626709,27.1686668395996,21.7846660614014
"251",0,20.2111663818359,29.7233333587646,11.1526670455933,265,47,3,57.2478790283203,113,15,87,75,16.1956672668457,45.1434555053711,765.604431152344,38.7439994812012,2.86800003051758,35.8759994506836,29.3159999847412,23.3373336791992
"152",1,16.5879993438721,26.4353332519531,7.50133323669434,110,19,1,66.0267486572266,52,6,10,52,16.945333480835,44.2760620117188,778.706481933594,37.3559989929199,-0.916000008583069,38.2719993591309,7.50133323669434,23.8553333282471
"273",0,12.1966667175293,23.9946670532227,0.572000026702881,212,26,6,32.0072898864746,74,30,54,48,15.768666267395,37.9309768676758,948.362060546875,34.1720008850098,-7.40000009536743,41.5720024108887,19.0666656494141,16.496000289917
"165",1,13.7496662139893,22.7906665802002,5.60666656494141,287,50,3,77.4915237426758,143,14,22,143,15.1446666717529,44.7908058166504,713.451904296875,32.6479988098145,-1.16400003433228,33.8120002746582,5.60666656494141,19.9166660308838
"184",0,16.9396667480469,25.4593334197998,8.50066661834717,254,48,0,86.494987487793,143,3,3,129,14.3786668777466,43.1739921569824,698.554321289062,35.4039993286133,2.09999990463257,33.3040008544922,10.4446668624878,25.4593334197998
"348",0,19.1919994354248,28.746000289917,10.3899993896484,443,55,6,45.8112030029297,148,32,103,146,16.8379993438721,46.2582397460938,766.115051269531,38.6720008850098,2.2720000743866,36.4000015258789,11.3586664199829,21.6653327941895
"314",0,13.4045000076294,16.5273323059082,10.4320001602173,752,148,2,92.1503829956055,399,9,14,399,11.1743335723877,60.9154663085938,250.910064697266,22.9440002441406,4.59999990463257,18.3439998626709,10.4320001602173,15.8766670227051
"36",1,16.6574993133545,27.3119983673096,6.8033332824707,141,19,4,36.0388832092285,46,18,38,42,15.2963333129883,40.4750595092773,838.991455078125,37.3359985351562,-0.456000000238419,37.7919998168945,8.40133285522461,20.0399990081787
"274",0,16.9909992218018,25.1893329620361,9.19466686248779,257,53,0,89.2286224365234,148,2,2,137,17.3913326263428,48.715217590332,659.581176757812,36.7400016784668,1.03999996185303,35.7000007629395,10.7459993362427,25.1893329620361
"239",0,19.2705001831055,29.0160007476807,10.2026662826538,321,50,4,48.7637786865234,114,23,86,98,17.5563335418701,46.7670059204102,782.498107910156,39.3479995727539,1.80799996852875,37.5400009155273,28.9713325500488,21.9060001373291
"127",1,22.0951671600342,31.0573329925537,13.4046669006348,124,21,1,56.7273559570312,53,5,51,37,15.7336664199829,46.3245391845703,731.446655273438,39.5,5.53599977493286,33.9640007019043,28.2806663513184,24.6713333129883
"213",0,22.4586658477783,33.0786666870117,12.3753337860107,95,17,1,50.4861679077148,36,6,27,29,15.8253335952759,41.2547798156738,850.714111328125,42.4039993286133,4.04400014877319,38.3600006103516,32.6599998474121,26.0100002288818
"334",0,12.7848329544067,23.2493324279785,2.76933360099792,306,47,8,42.7083969116211,121,33,95,73,18.082332611084,44.9362182617188,833.853881835938,34.0919990539551,-6.14799976348877,40.2399978637695,22.7719993591309,16.1259994506836
"195",0,11.3661670684814,21.958667755127,1.37733328342438,249,42,7,49.2512321472168,105,28,83,49,17.8916664123535,44.4623908996582,838.875671386719,33.0120010375977,-7.22800016403198,40.2400016784668,21.4173336029053,14.8146667480469
"245",0,12.8023328781128,23.3213329315186,3.17400002479553,195,25,5,38.463550567627,65,25,52,65,16.28733253479,42.160213470459,825.038696289062,34.1279983520508,-4.50400018692017,38.6319999694824,3.17400002479553,15.9340000152588
"246",0,13.5319995880127,24.0173320770264,3.84866666793823,202,24,6,27.8669414520264,61,36,51,53,18.1399993896484,44.8033981323242,831.91552734375,35.6959991455078,-4.79199981689453,40.4879989624023,5.12200021743774,16.1853332519531
"182",0,16.9606666564941,27.1973323822021,7.56799983978271,121,20,1,62.8004722595215,58,8,14,55,16.5006656646729,43.0467109680176,807.425964355469,37.8440017700195,-0.488000005483627,38.3320007324219,9.15199947357178,24.5599994659424
"92",1,16.2996673583984,25.3293342590332,7.88600015640259,113,18,1,61.600471496582,51,8,10,51,17.9673328399658,47.6283874511719,720.102233886719,36.7840003967285,-0.939999997615814,37.7239990234375,7.88600015640259,22.843334197998
"145",1,11.1304998397827,20.8479995727539,2.55466651916504,297,37,8,34.102668762207,95,42,76,89,15.7383327484131,43.7516212463379,761.513366699219,31.3759994506836,-4.59600019454956,35.9720001220703,3.34200000762939,13.1433334350586
"286",0,15.6596670150757,24.0979995727539,7.47399997711182,423,93,7,74.7759246826172,222,30,188,93,18.4699993133545,51.730899810791,683.602722167969,34.0719985961914,-1.63200008869171,35.7039985656738,23.4986667633057,18.8913326263428
"79",1,15.8584995269775,25.1686668395996,7.17199993133545,134,25,1,75.3164215087891,67,6,8,67,17.5669994354248,46.1027717590332,741.060424804688,36.4360008239746,-1.66799998283386,38.1040000915527,7.7480001449585,22.6966667175293
"150",1,18.6959991455078,28.8826675415039,9.22333335876465,94,16,1,52.6214942932129,42,9,14,42,17.673999786377,44.5323524475098,807.793823242188,39.9799995422363,0.291999995708466,39.6879997253418,10.9780006408691,21.9313335418701
"6",1,15.0208330154419,25.2386665344238,5.8033332824707,212,34,5,44.2548065185547,69,24,69,65,14.3403329849243,40.6472015380859,800.765625,34.3199996948242,-0.959999978542328,35.2799987792969,6.78133344650269,17.050666809082
"321",0,11.8594999313354,22.025333404541,2.53933334350586,362,44,10,34.143985748291,116,48,108,107,16.91233253479,44.4640159606934,798.304748535156,33.0480003356934,-4.98799991607666,38.0359992980957,3.83266663551331,14.1033334732056
"240",0,13.9548330307007,21.7639999389648,7.29933309555054,470,88,1,89.0768585205078,251,7,13,242,17.3889999389648,51.9136619567871,604.921447753906,33.2319984436035,-0.263999998569489,33.4959983825684,7.83733320236206,21.5813331604004
"151",1,13.3246669769287,23.3360004425049,4.2960000038147,224,30,6,35.2503852844238,71,30,60,67,15.9213333129883,43.1753234863281,787.8955078125,33.7400016784668,-3.13599991798401,36.8760032653809,5.3546667098999,15.7440004348755
"316",0,12.7121667861938,21.3120002746582,6.02333307266235,1023,186,5,83.840705871582,517,23,29,510,14.2496671676636,45.7776489257812,639.935485839844,31.3320007324219,0.204000011086464,31.1280002593994,6.30000019073486,20.6293334960938
"345",0,9.8551664352417,20.3999996185303,-0.0999999865889549,339,43,10,32.9254035949707,105,48,87,87,15.8529996871948,41.1937408447266,833.012817382812,30.996000289917,-7.48799991607666,38.484001159668,1.65666663646698,13.4280004501343
"154",1,15.7104997634888,25.1386661529541,7.14933347702026,252,47,2,80.5223388671875,130,11,13,130,16.4416675567627,45.4591522216797,745.575622558594,35.7280006408691,-0.439999997615814,36.1679992675781,8.37466621398926,22.576000213623
"128",1,15.9511671066284,26.5166664123535,6.14599990844727,254,33,6,36.0816802978516,88,32,58,77,16.0623340606689,42.0259895324707,840.2021484375,37.0040016174316,-1.21599996089935,38.2200012207031,7.47933340072632,18.7880001068115
"337",0,19.7250003814697,29.1846656799316,11.2186670303345,402,53,6,45.7884292602539,134,31,98,129,16.0433330535889,45.5828285217285,746.713745117188,38.7480010986328,3.55200004577637,35.1959991455078,12.1280002593994,22.2220001220703
"210",0,11.9139995574951,21.9780006408691,2.37199997901917,365,58,9,46.2551803588867,149,37,119,87,18.1726665496826,45.8072853088379,804.415649414062,32.9000015258789,-6.77199983596802,39.6720008850098,21.826000213623,14.6586666107178
"84",1,14.7816667556763,25.0873336791992,5.37199974060059,189,26,5,35.0088882446289,59,26,51,56,15.8093338012695,42.230297088623,811.769653320312,35.4039993286133,-2.03200006484985,37.4360008239746,6.65666675567627,17.5739994049072
"349",0,13.5804996490479,21.5019989013672,6.96799993515015,635,110,2,80.2684707641602,329,23,43,310,15.421667098999,50.141975402832,601.809753417969,31.1000003814697,0.34400001168251,30.7560005187988,7.34133338928223,21.0573329925537
"234",0,15.5970001220703,24.1919994354248,7.48133325576782,510,95,8,64.2594985961914,240,34,198,129,14.4033327102661,45.2422828674316,690.309387207031,32.3680000305176,0.532000005245209,31.8360004425049,23.6453323364258,18.5499992370605
"14",1,16.5879993438721,26.4353332519531,7.50133323669434,110,19,1,66.0267486572266,52,6,10,52,16.945333480835,44.2760620117188,778.706481933594,37.3559989929199,-0.916000008583069,38.2719993591309,7.50133323669434,23.8553333282471
"99",1,16.541166305542,25.9420013427734,7.75733327865601,218,38,1,67.3990783691406,108,14,18,102,18.3190002441406,47.311466217041,749.201354980469,37.492000579834,-1.22800004482269,38.7200012207031,9.36733341217041,23.3479995727539
"277",0,10.5895004272461,22.0073337554932,-0.249333217740059,183,22,9,22.7435131072998,57,37,51,44,17.9983329772949,41.4288101196289,901.922973632812,34.1640014648438,-9.27999973297119,43.4440002441406,21.292667388916,14.3813333511353
"297",0,18.275333404541,28.2646656036377,9.18866729736328,244,37,4,46.7184906005859,85,21,66,77,13.1706666946411,39.5230674743652,788.913391113281,36.4679985046387,3.14400005340576,33.3239974975586,10.2019996643066,20.9780006408691
"226",0,17.4704856872559,21.3472213745117,14.3034725189209,316,74,0,101.79955291748,196,3,7,185,8.91666603088379,53.1676979064941,290.976776123047,25.9125003814697,9.14166641235352,16.7708339691162,14.4222221374512,20.6513900756836
"166",1,13.7369995117188,22.6666679382324,6.0053334236145,283,49,2,81.6781005859375,143,11,17,143,13.9253330230713,43.5384330749512,689.659240722656,31.8080005645752,-0.175999999046326,31.984001159668,6.0053334236145,22.3353328704834
"209",0,21.3181667327881,31.5413341522217,11.6353330612183,221,36,3,51.6171188354492,85,13,66,66,16.7636661529541,44.4612426757812,819.560791015625,40.8199996948242,3.1159999370575,37.7039985656738,31.042667388916,24.8673343658447
"71",1,17.128999710083,27.9473342895508,7.03066682815552,172,26,3,46.2273216247559,61,16,48,55,13.9573335647583,37.9151725769043,857.748352050781,37.1840019226074,0.372000008821487,36.8120002746582,8.65666675567627,20.4160003662109
"85",1,15.9061660766602,25.2473316192627,7.23133277893066,146,27,1,75.104621887207,73,6,8,73,17.6243324279785,46.2386779785156,742.343627929688,36.5039978027344,-1.61199998855591,38.1159973144531,7.23133277893066,22.7473316192627
"63",1,15.7069997787476,26.0493335723877,6.14733362197876,261,34,6,36.349910736084,89,33,62,78,15.6526670455933,41.9777603149414,823.934997558594,36.3120002746582,-0.976000010967255,37.2880020141602,7.33599996566772,18.2746677398682
"72",1,16.746166229248,26.0746669769287,8.09266662597656,227,47,1,89.0084915161133,129,6,6,123,16.0869998931885,44.341236114502,742.862426757812,35.8919982910156,-0.388000011444092,36.2799987792969,9.59733295440674,26.0746669769287
"122",1,16.4869995117188,26.1700000762939,7.44466686248779,163,32,1,82.3614349365234,87,6,7,85,16.4979991912842,43.6547431945801,769.938354492188,36.431999206543,-1.36000001430511,37.7919998168945,9.27266693115234,23.6433334350586
"110",1,15.775333404541,24.7873344421387,7.65199995040894,295,59,2,89.1257934570312,163,9,15,161,15.1353330612183,44.7103080749512,710.196594238281,34.5279998779297,0.675999999046326,33.8520011901855,8.77000045776367,24.6760005950928
"261",0,11.978666305542,23.9179992675781,0.680666863918304,223,28,8,29.8909492492676,77,34,58,52,14.9506664276123,36.8751678466797,942.275085449219,33.9959983825684,-6.5479998588562,40.5439987182617,18.6973342895508,16.2313327789307
"109",1,14.7116670608521,24.9939994812012,5.29999971389771,180,24,5,34.0245552062988,56,25,48,54,15.8953332901001,42.3649597167969,810.638732910156,35.2760009765625,-2.24399995803833,37.5200004577637,6.6046667098999,17.5659999847412
"228",0,10.1023330688477,20.7439994812012,0.387333393096924,158,18,7,22.6909427642822,49,30,43,35,17.2986660003662,42.9844627380371,831.270385742188,32.2639999389648,-7.98000001907349,40.2439994812012,20.1900005340576,4.79066705703735
"360",0,16.8369998931885,26.6000003814697,7.95133304595947,286,45,5,45.2609825134277,100,26,80,86,15.0093336105347,43.0758018493652,770.320434570312,35.6840019226074,0.840000033378601,34.8440017700195,26.2913341522217,19.5433330535889
"44",1,16.2320003509521,25.3733329772949,7.67600011825562,203,36,1,69.52685546875,102,12,14,96,17.8066673278809,47.3380165100098,731.801818847656,36.8079986572266,-0.807999968528748,37.6159973144531,9.10200023651123,22.8013343811035
"100",1,15.7954998016357,26.0393333435059,6.30066680908203,218,34,4,47.0793304443359,76,20,62,69,13.0543327331543,37.786075592041,811.51025390625,34.7760009765625,0.228000000119209,34.5480003356934,7.59066677093506,18.6660003662109
"136",1,14.6323337554932,25.4513339996338,4.45733308792114,109,15,5,30.334888458252,38,19,24,38,16.3553333282471,41.0031433105469,858.483947753906,36.0960006713867,-3.79200005531311,39.8880004882812,6.52733325958252,18.4053344726562
"338",0,13.3715000152588,25.1919994354248,2.24600005149841,201,29,6,35.2343063354492,71,28,57,45,15.1490001678467,37.5607452392578,932.146240234375,35.3759994506836,-4.95599985122681,40.3320007324219,24.2399997711182,17.7526664733887
"215",0,8.74316692352295,19.6246662139893,-1.47399997711182,365,40,13,26.4038696289062,115,56,91,93,13.085000038147,35.6500663757324,859.621643066406,28.7959995269775,-7.90799999237061,36.7039985656738,15.191333770752,12.3559999465942
"156",1,16.5793342590332,24.728666305542,9.52600002288818,341,73,1,94.3244171142578,199,6,11,190,15.4546670913696,48.0914459228516,629.518676757812,34.4799995422363,2.34400010108948,32.1359977722168,10.2546663284302,24.4346675872803
"180",1,21.8145008087158,30.835334777832,13.0813331604004,129,21,1,55.4083480834961,54,5,35,38,15.577000617981,45.8416709899902,735.148071289062,39.3040008544922,5.32400035858154,33.9799995422363,27.9873332977295,24.4280014038086
"283",0,22.4120006561279,31.7740001678467,13.460000038147,169,30,1,59.3972282409668,72,6,51,50,16.7333335876465,46.8510856628418,757.633850097656,40.7999992370605,5.08400011062622,35.7159996032715,31.5726661682129,25.3586654663086
"356",0,17.4365005493164,22.5306663513184,13.4113340377808,326,64,1,90.5383453369141,189,7,13,170,13.1129999160767,56.5312995910645,377.238342285156,29.8759994506836,6.67999982833862,23.1959991455078,13.5120000839233,21.7140007019043
"62",1,19.8901672363281,30.7486667633057,9.56666660308838,126,22,1,50.2271881103516,46,10,36,41,15.9736661911011,40.995964050293,873.833435058594,40.5279998779297,1.56400001049042,38.9640007019043,30.5773334503174,23.1553325653076
"299",0,9.68916702270508,19.4686660766602,1.01599991321564,383,48,11,27.8271713256836,121,66,103,104,14.9969997406006,42.4171295166016,768.38134765625,29.57200050354,-5.78399991989136,35.3559989929199,1.81666672229767,11.7479991912842
"45",1,16.8686676025391,25.724666595459,8.70199966430664,324,59,1,80.3372955322266,168,7,7,153,17.3833332061768,47.6464576721191,709.112976074219,37.2680015563965,0.784000039100647,36.484001159668,9.88266658782959,25.724666595459
"350",0,13.826000213623,24.1233329772949,4.38599967956543,161,29,5,62.6346778869629,78,17,17,78,16.7786674499512,43.4950904846191,809.081481933594,34.9280014038086,-3.64800000190735,38.576000213623,4.38599967956543,24.1233329772949
"196",0,21.5863342285156,32.3246650695801,11.2819995880127,214,32,2,47.6981391906738,73,14,53,69,17.8920001983643,44.1516151428223,868.577880859375,42.7799987792969,2.25600004196167,40.523998260498,32.0553321838379,25.1006660461426
"233",0,13.3771667480469,19.3640003204346,8.45466709136963,542,109,1,93.1743698120117,307,5,14,295,15.2843332290649,54.7982711791992,450.417022705078,29.2719993591309,1.37999999523163,27.8920001983643,8.94733333587646,18.8373336791992
"193",0,21.4551677703857,32.389331817627,10.8886671066284,80,12,1,46.9740867614746,32,7,19,31,16.878999710083,41.7053756713867,883.679077148438,42.4080009460449,1.93599998950958,40.4720001220703,12.8719997406006,24.9733333587646
"42",1,16.3611660003662,26.3999996185303,7.36266660690308,269,41,3,47.7784881591797,97,27,81,92,12.9396667480469,38.6628036499023,789.451293945312,34.6800003051758,1.21200001239777,33.4679985046387,8.12333297729492,18.3893337249756
"230",0,10.2115001678467,19.691333770752,1.12399995326996,496,81,12,50.3052635192871,208,47,169,118,16.832332611084,45.2871627807617,764.247985839844,29.9200000762939,-7.2480001449585,37.1679992675781,19.576000213623,12.8566665649414
"359",0,16.5766658782959,25.533332824707,8.27200031280518,521,88,1,84.2533874511719,259,7,12,253,16.6680011749268,46.7991943359375,714.903625488281,37.023998260498,1.40799999237061,35.6159973144531,9.54666709899902,25.3680000305176
"70",1,13.2216663360596,21.8646659851074,5.8513331413269,295,52,2,76.7858352661133,143,13,19,136,14.6259994506836,45.5411643981934,663.570556640625,31.5520000457764,-0.564000010490417,32.1160011291504,6.49733352661133,21.4613342285156
"221",0,11.585000038147,21.5599994659424,2.06400012969971,341,59,8,53.5825500488281,152,32,120,74,18.9340000152588,47.2405166625977,799.138977050781,32.6920013427734,-7.38800001144409,40.0800018310547,21.3566665649414,14.4913330078125
"129",1,13.1584997177124,23.3506660461426,3.95933318138123,141,25,5,54.248722076416,66,20,20,66,18.1923332214355,45.778392791748,795.255676269531,34.7080001831055,-5.03200006484985,39.7400016784668,3.95933318138123,16.2040004730225
"158",1,18.8738327026367,29.5893325805664,8.67733383178711,111,16,2,45.404224395752,43,11,26,43,16.6616668701172,42.1217193603516,858.341918945312,39.8279991149902,0.272000014781952,39.5559997558594,10.4473333358765,22.2026672363281
"253",0,14.3663330078125,20.4973335266113,9.20199966430664,496,99,0,93.4372482299805,281,4,12,270,16.0246677398682,55.3643836975098,467.452239990234,30.8759994506836,1.932000041008,28.9440002441406,9.64000034332275,20
"164",1,15.4575004577637,24.1813335418701,7.42600011825562,278,51,1,78.9236831665039,146,12,22,140,17.1276664733887,47.9605369567871,692.890197753906,35.2080001831055,-0.504000008106232,35.7120018005371,8.61199951171875,24.1093330383301
"269",0,15.6673336029053,23.7159996032715,8.31466674804688,381,75,1,88.4023284912109,211,5,5,202,19.0353336334229,51.8560905456543,640.686767578125,36.7439994812012,0.0360000021755695,36.7080001831055,9.35533332824707,23.7159996032715
"293",0,16.6246795654297,20.2076930999756,13.7269229888916,303,61,1,89.975830078125,175,5,10,156,7.31089782714844,49.7600364685059,266.250122070312,23.4769229888916,8.7846155166626,14.692307472229,13.851282119751,19.4051284790039
"13",1,11.7760000228882,21.711332321167,2.8526668548584,273,50,8,66.188835144043,135,25,25,135,17.8293323516846,46.0278129577637,777.314880371094,33.0839996337891,-5.65199995040894,38.7360000610352,2.8526668548584,21.711332321167
"311",0,23.3651657104492,32.6860008239746,14.470666885376,65,11,0,55.7795944213867,26,2,20,26,16.9909992218018,46.6683120727539,752.92431640625,42.5400009155273,6.13199996948242,36.4080009460449,14.470666885376,25.9893321990967
"23",1,20.0453338623047,31.4533348083496,9.37866687774658,114,16,2,44.2067451477051,45,11,27,41,13.9393339157104,36.5018653869629,900.192993164062,40.4480018615723,2.25999999046326,38.1880035400391,11.4273338317871,24.1773338317871
"80",1,16.4946670532227,25.945333480835,7.83799982070923,307,67,1,94.1390228271484,183,7,7,172,15.3140001296997,43.3529624938965,751.983947753906,35.568000793457,0.244000002741814,35.3240013122559,9.16066646575928,25.945333480835
"287",0,20.3588333129883,30.3466663360596,11.0539999008179,107,18,0,51.3212089538574,42,6,31,34,18.0669994354248,45.72998046875,794.397705078125,41.3400001525879,1.83200001716614,39.507999420166,29.9813346862793,23.5360012054443
"304",0,18.1673336029053,27.3113327026367,9.52999973297119,269,49,1,79.7155914306641,140,6,6,126,17.4659996032715,46.9869804382324,737.710083007812,38.8479995727539,1.67599999904633,37.1720008850098,10.9100008010864,27.3113327026367
"94",1,15.2104997634888,24.1253337860107,7.33733320236206,366,73,2,90.0307998657227,201,9,16,200,14.7849998474121,44.9720153808594,695.907531738281,33.7000007629395,0.824000000953674,32.8759994506836,8.26666641235352,23.941333770752
"306",0,21.7574996948242,31.8020000457764,12.3493337631226,104,17,1,50.3581390380859,37,5,28,35,15.0856666564941,41.7792892456055,799.751586914062,40.8720016479492,4.76399993896484,36.1080017089844,31.423999786377,24.9779987335205
"292",0,8.52766704559326,17.4099998474121,0.717333316802979,303,51,11,56.6239051818848,139,38,38,139,17.9953327178955,48.8260612487793,689.238952636719,29.2119998931885,-7.64400005340576,36.8559989929199,0.717333316802979,17.4099998474121
"116",1,13.3246669769287,23.3360004425049,4.2960000038147,224,30,6,35.2503852844238,71,30,60,67,15.9213333129883,43.1753234863281,787.8955078125,33.7400016784668,-3.13599991798401,36.8760032653809,5.3546667098999,15.7440004348755
"133",1,15.7656669616699,24.8293342590332,7.62866687774658,389,63,6,47.5468711853027,142,32,113,114,16.2466659545898,46.7287940979004,713.835510253906,34.8079986572266,0.0400000028312206,34.7679977416992,24.6700000762939,17.9726676940918
"77",1,7.9011664390564,16.8846664428711,-0.257333189249039,482,88,7,76.2193984985352,243,27,38,243,14.1983327865601,42.9004516601562,707.640808105469,26.496000289917,-6.59999990463257,33.0960006713867,-0.257333189249039,16.6959991455078
"191",0,19.8715000152588,30.9466667175293,9.39333343505859,96,17,2,57.4426956176758,46,9,15,43,15.6750001907349,39.3488311767578,882.132934570312,41.0200004577637,1.18400001525879,39.8359985351562,11.5406665802002,23.5733337402344
"7",1,14.2519998550415,21.5699996948242,8.01866626739502,492,95,1,90.3564910888672,270,5,14,261,17.533332824707,53.047721862793,563.630798339844,33.1599998474121,0.108000002801418,33.0519981384277,8.66066646575928,21.314001083374
"262",0,17.0748329162598,25.8173332214355,8.70199966430664,383,65,1,82.8695449829102,192,5,5,182,16.4249992370605,46.3668670654297,712.168090820312,37.4080009460449,1.98399996757507,35.423999786377,10.1160001754761,25.8173332214355
"19",1,18.0368328094482,28.449333190918,8.27999973297119,73,12,1,53.9966087341309,34,6,10,31,17.4456672668457,43.1097793579102,827.110778808594,39.476001739502,-0.991999983787537,40.4680023193359,10.3393335342407,25.8959999084473
"81",1,17.9153327941895,28.7799987792969,7.78999996185303,221,29,5,38.6941795349121,78,25,52,68,15.6940002441406,40.8145217895508,867.395141601562,39.007999420166,0.555999994277954,38.4519996643066,9.15866661071777,20.8333339691162
"308",0,16.2913341522217,25.4313335418701,7.73999977111816,547,78,8,46.9733276367188,190,39,151,167,13.5113334655762,41.5886878967285,735.888854980469,33.6319999694824,1.14400005340576,32.4879989624023,25.2293338775635,18.8426666259766
"186",0,9.426833152771,17.9340000152588,2.67133331298828,548,96,4,82.4390487670898,273,19,28,273,12.4383335113525,42.5970306396484,635.767944335938,26.6760005950928,-2.5239999294281,29.2000007629395,2.67133331298828,17.2866668701172
"155",1,16.1700000762939,25.4366664886475,7.5493335723877,165,32,1,80.2245407104492,86,6,8,86,17.6506652832031,46.3710250854492,736.930480957031,36.6279983520508,-1.43599998950958,38.0639991760254,7.5493335723877,22.9433326721191
"34",1,14.1040000915527,24.9093341827393,4.26333332061768,162,22,4,43.7660675048828,58,20,44,58,17.3993339538574,43.0463447570801,846.606018066406,36.2120018005371,-4.20800018310547,40.4200019836426,4.26333332061768,17.4233341217041
"328",0,11.5948333740234,23.0533332824707,0.612000107765198,210,29,6,34.3031349182129,73,29,58,47,15.1936664581299,38.1137504577637,910.994262695312,33.2480010986328,-6.61599969863892,39.8640022277832,22.2533340454102,15.7593326568604
"27",1,14.558500289917,24.8940010070801,4.97666645050049,168,32,4,69.4567642211914,85,14,14,84,16.7496662139893,43.2316398620605,816.626770019531,35.6599998474121,-3.08400011062622,38.7439994812012,6.66533327102661,24.8940010070801
"55",1,18.9091663360596,27.7679996490479,11.1466665267944,277,51,2,73.7792510986328,141,15,30,137,16.8190002441406,48.5929718017578,682.809753417969,38.068000793457,3.45600008964539,34.6119995117188,11.9619998931885,24.3413333892822
"123",1,20.3476657867432,31.1653327941895,9.98666667938232,110,19,1,51.5096664428711,41,8,32,34,16.3886661529541,41.5787162780762,873.635620117188,41.060001373291,1.64399993419647,39.4160003662109,31.0113334655762,23.6199989318848
"278",0,14.4095001220703,20.2779998779297,8.94400024414062,715,149,2,91.2899856567383,384,9,15,384,11.9823331832886,49.5383377075195,462.400695800781,28.1000003814697,3.91199994087219,24.1879997253418,8.94400024414062,19.5200004577637
"302",0,10.5976667404175,21.296667098999,0.904666602611542,167,20,9,23.8236904144287,51,32,45,44,16.42799949646,41.7208442687988,835.216857910156,32.3559989929199,-7.01999998092651,39.3759994506836,20.7886657714844,5.31666660308838
"96",1,16.4230003356934,25.7333316802979,7.75666666030884,222,40,2,69.785400390625,112,14,17,106,17.6233329772949,46.6917495727539,742.520690917969,37.0439987182617,-0.699999988079071,37.7439994812012,9.22133350372314,23.1299991607666
"86",1,15.1591663360596,26.0766658782959,4.89599990844727,253,33,6,34.6729545593262,92,34,49,79,16.2250003814697,41.3481140136719,864.407958984375,36.7999992370605,-2.44000005722046,39.2399978637695,6.75333309173584,18.8386669158936
"10",1,16.5508327484131,25.8386669158936,7.88333320617676,98,16,1,61.153450012207,46,7,10,45,18.1343326568604,46.9947471618652,739.087768554688,37.3880004882812,-1.20000004768372,38.5880012512207,8.47866630554199,23.3693332672119
"291",0,16.193000793457,23.9173336029053,8.16733360290527,382,68,1,84.4328079223633,196,6,6,184,14.9653329849243,45.8721618652344,648.465270996094,34.3839988708496,1.75999999046326,32.6240005493164,9.99266624450684,23.9173336029053
"159",1,16.3436660766602,25.7913341522217,7.73933362960815,184,33,1,77.414192199707,95,8,10,92,14.966667175293,42.9041023254395,748.19189453125,35.2239990234375,0.340000003576279,34.8839988708496,8.97866630554199,23.068000793457
"132",1,18.1073341369629,28.775333404541,8.24866676330566,128,17,3,36.7915458679199,44,16,33,40,14.5493335723877,39.267333984375,839.309326171875,38.1800003051758,1.12800002098083,37.052001953125,9.88466644287109,21.5786666870117
"52",1,16.3958339691162,25.4120006561279,8.10066699981689,203,39,1,85.1284103393555,109,6,6,107,15.8563327789307,44.8730278015137,716.910949707031,35.515998840332,0.180000007152557,35.3359985351562,9.5,22.7940006256104
"235",0,19.0456657409668,30.1386661529541,8.60599994659424,197,26,4,40.7804946899414,71,21,46,62,15.6399993896484,40.151985168457,887.756042480469,40.3159980773926,1.3639999628067,38.9519996643066,10.1280002593994,22.2026672363281
"329",0,21.4526672363281,31.1540012359619,12.199333190918,310,39,3,46.4062118530273,102,20,71,102,16.5419998168945,45.2858047485352,787.07568359375,40.6360015869141,4.10799980163574,36.5279998779297,13.4739999771118,24.4446659088135
"11",1,15.0101661682129,24.8759994506836,5.94799995422363,293,48,6,46.7174682617188,106,28,87,84,15.1283330917358,42.7934303283691,779.239074707031,34.1440010070801,-1.20800006389618,35.3520011901855,24.5126667022705,17.8800010681152
"264",0,21.4261665344238,31.2513332366943,11.7873334884644,255,41,3,52.2771110534668,96,16,75,74,17.7150001525879,46.4132270812988,808.48974609375,41.1959991455078,3.02799987792969,38.1679992675781,31.2486667633057,24.4360008239746
"59",1,13.4393329620361,23.7693328857422,4.04333305358887,204,26,6,32.2204818725586,64,31,54,60,16.8153343200684,43.5494995117188,813.632446289062,34.7639999389648,-3.84800004959106,38.6119995117188,5.26133346557617,16.1359996795654
"353",0,11.9329996109009,22.4246673583984,2.07733345031738,322,40,10,31.0517635345459,102,45,80,92,16.8953342437744,42.9556922912598,831.713073730469,33.6720008850098,-5.65999984741211,39.3320007324219,3.77133321762085,15.184666633606
"279",0,11.9536666870117,23.1820011138916,1.51733326911926,139,16,6,25.006628036499,43,24,38,30,16.4966659545898,40.188720703125,881.902526855469,34.0400009155273,-7.00799989700317,41.0480003356934,22.4580001831055,5.85933351516724
"149",1,17.824333190918,28.3553333282471,7.8513331413269,131,18,3,42.8574905395508,49,15,31,49,16.7866668701172,42.866870880127,842.739868164062,38.7080001831055,-0.451999992132187,39.1599998474121,9.48333358764648,20.9633331298828
"49",1,15.3544998168945,24.0860004425049,7.25466680526733,269,49,1,78.8793029785156,140,12,21,135,17.1496658325195,47.7334289550781,697.207824707031,35.1640014648438,-0.763999998569489,35.9280014038086,8.48533344268799,21.4886665344238
"177",1,15.8278331756592,25.0433330535889,7.59266662597656,300,63,2,91.6497497558594,172,8,13,167,14.5989999771118,43.3925819396973,724.193237304688,34.3279991149902,0.684000015258789,33.6439971923828,8.71066665649414,24.9300003051758
"307",0,12.3905000686646,19.779333114624,6.58533334732056,761,143,2,88.1390075683594,395,10,22,390,17.2843341827393,53.5516586303711,551.210754394531,31.4720001220703,-0.804000020027161,32.2760009765625,6.88333320617676,19.1553344726562
